"행정구역","2016년07월_총인구수","2016년07월_세대수","2016년07월_세대당 인구","2016년07월_남자 인구수","2016년07월_여자 인구수","2016년07월_남여 비율","2016년08월_총인구수","2016년08월_세대수","2016년08월_세대당 인구","2016년08월_남자 인구수","2016년08월_여자 인구수","2016년08월_남여 비율","2016년09월_총인구수","2016년09월_세대수","2016년09월_세대당 인구","2016년09월_남자 인구수","2016년09월_여자 인구수","2016년09월_남여 비율","2016년10월_총인구수","2016년10월_세대수","2016년10월_세대당 인구","2016년10월_남자 인구수","2016년10월_여자 인구수","2016년10월_남여 비율","2016년11월_총인구수","2016년11월_세대수","2016년11월_세대당 인구","2016년11월_남자 인구수","2016년11월_여자 인구수","2016년11월_남여 비율","2016년12월_총인구수","2016년12월_세대수","2016년12월_세대당 인구","2016년12월_남자 인구수","2016년12월_여자 인구수","2016년12월_남여 비율","2017년01월_총인구수","2017년01월_세대수","2017년01월_세대당 인구","2017년01월_남자 인구수","2017년01월_여자 인구수","2017년01월_남여 비율","2017년02월_총인구수","2017년02월_세대수","2017년02월_세대당 인구","2017년02월_남자 인구수","2017년02월_여자 인구수","2017년02월_남여 비율","2017년03월_총인구수","2017년03월_세대수","2017년03월_세대당 인구","2017년03월_남자 인구수","2017년03월_여자 인구수","2017년03월_남여 비율","2017년04월_총인구수","2017년04월_세대수","2017년04월_세대당 인구","2017년04월_남자 인구수","2017년04월_여자 인구수","2017년04월_남여 비율","2017년05월_총인구수","2017년05월_세대수","2017년05월_세대당 인구","2017년05월_남자 인구수","2017년05월_여자 인구수","2017년05월_남여 비율","2017년06월_총인구수","2017년06월_세대수","2017년06월_세대당 인구","2017년06월_남자 인구수","2017년06월_여자 인구수","2017년06월_남여 비율"
"경기도 평택시 (4122000000)","466,327","192,778","          2.42","237,727","228,600","          1.04","467,255","193,383","          2.42","238,260","228,995","          1.04","467,873","193,890","          2.41","238,599","229,274","          1.04","468,854","194,597","          2.41","239,217","229,637","          1.04","469,889","195,263","          2.41","239,818","230,071","          1.04","470,832","195,970","          2.40","240,345","230,487","          1.04","472,141","196,782","          2.40","241,053","231,088","          1.04","473,738","197,878","          2.39","242,100","231,638","          1.05","474,672","198,851","          2.39","242,692","231,980","          1.05","475,157","199,284","          2.38","242,977","232,180","          1.05","475,830","199,889","          2.38","243,401","232,429","          1.05","476,353","200,333","          2.38","243,730","232,623","          1.05"
"경기도 평택시 팽성읍(4122025000)","29,135","14,360","          2.03","14,730","14,405","          1.02","29,133","14,402","          2.02","14,744","14,389","          1.02","29,090","14,409","          2.02","14,721","14,369","          1.02","29,052","14,459","          2.01","14,720","14,332","          1.03","29,071","14,494","          2.01","14,746","14,325","          1.03","29,075","14,541","          2.00","14,754","14,321","          1.03","28,942","14,542","          1.99","14,689","14,253","          1.03","28,905","14,604","          1.98","14,702","14,203","          1.04","28,937","14,673","          1.97","14,737","14,200","          1.04","28,994","14,700","          1.97","14,761","14,233","          1.04","29,043","14,738","          1.97","14,774","14,269","          1.04","29,027","14,725","          1.97","14,767","14,260","          1.04"
"경기도 평택시 안중읍(4122025300)","40,047","14,933","          2.68","20,211","19,836","          1.02","40,036","14,934","          2.68","20,208","19,828","          1.02","40,073","14,978","          2.68","20,227","19,846","          1.02","40,527","15,189","          2.67","20,473","20,054","          1.02","40,974","15,417","          2.66","20,698","20,276","          1.02","41,182","15,557","          2.65","20,795","20,387","          1.02","41,352","15,656","          2.64","20,891","20,461","          1.02","41,525","15,792","          2.63","21,001","20,524","          1.02","41,723","15,916","          2.62","21,130","20,593","          1.03","41,792","16,001","          2.61","21,169","20,623","          1.03","41,948","16,100","          2.61","21,269","20,679","          1.03","42,071","16,164","          2.60","21,348","20,723","          1.03"
"경기도 평택시 포승읍(4122025600)","26,622","12,907","          2.06","15,292","11,330","          1.35","26,530","12,906","          2.06","15,262","11,268","          1.35","26,581","12,939","          2.05","15,282","11,299","          1.35","26,533","12,937","          2.05","15,278","11,255","          1.36","26,273","12,856","          2.04","15,152","11,121","          1.36","26,149","12,828","          2.04","15,113","11,036","          1.37","26,070","12,848","          2.03","15,081","10,989","          1.37","26,094","12,889","          2.02","15,117","10,977","          1.38","26,145","12,926","          2.02","15,152","10,993","          1.38","26,130","12,925","          2.02","15,140","10,990","          1.38","26,123","12,938","          2.02","15,123","11,000","          1.37","26,100","12,926","          2.02","15,114","10,986","          1.38"
"경기도 평택시 청북읍(4122025900)","23,266","8,985","          2.59","12,273","10,993","          1.12","23,602","9,115","          2.59","12,418","11,184","          1.11","23,774","9,191","          2.59","12,519","11,255","          1.11","23,927","9,260","          2.58","12,586","11,341","          1.11","24,554","9,479","          2.59","12,897","11,657","          1.11","24,903","9,620","          2.59","13,067","11,836","          1.10","25,107","9,674","          2.60","13,186","11,921","          1.11","25,249","9,717","          2.60","13,259","11,990","          1.11","25,353","9,737","          2.60","13,318","12,035","          1.11","25,453","9,761","          2.61","13,368","12,085","          1.11","25,557","9,790","          2.61","13,419","12,138","          1.11","25,595","9,805","          2.61","13,455","12,140","          1.11"
"경기도 평택시 진위면(4122031000)","12,536","5,630","          2.23","6,636","5,900","          1.12","12,509","5,621","          2.23","6,627","5,882","          1.13","12,525","5,644","          2.22","6,630","5,895","          1.12","12,507","5,654","          2.21","6,623","5,884","          1.13","12,544","5,687","          2.21","6,646","5,898","          1.13","12,570","5,718","          2.20","6,655","5,915","          1.13","12,571","5,727","          2.20","6,653","5,918","          1.12","12,588","5,731","          2.20","6,664","5,924","          1.12","12,564","5,739","          2.19","6,643","5,921","          1.12","12,521","5,740","          2.18","6,627","5,894","          1.12","12,519","5,759","          2.17","6,633","5,886","          1.13","12,484","5,753","          2.17","6,622","5,862","          1.13"
"경기도 평택시 서탄면(4122032000)","4,146","1,956","          2.12","2,223","1,923","          1.16","4,154","1,969","          2.11","2,229","1,925","          1.16","4,150","1,972","          2.10","2,230","1,920","          1.16","4,148","1,974","          2.10","2,236","1,912","          1.17","4,154","1,978","          2.10","2,238","1,916","          1.17","4,141","1,977","          2.09","2,225","1,916","          1.16","4,120","1,968","          2.09","2,215","1,905","          1.16","4,103","1,968","          2.08","2,210","1,893","          1.17","4,098","1,971","          2.08","2,220","1,878","          1.18","4,099","1,970","          2.08","2,224","1,875","          1.19","4,105","1,970","          2.08","2,228","1,877","          1.19","4,106","1,973","          2.08","2,224","1,882","          1.18"
"경기도 평택시 고덕면(4122033000)","11,870","4,631","          2.56","6,176","5,694","          1.08","11,811","4,606","          2.56","6,144","5,667","          1.08","11,816","4,609","          2.56","6,146","5,670","          1.08","11,756","4,606","          2.55","6,111","5,645","          1.08","11,695","4,588","          2.55","6,094","5,601","          1.09","11,638","4,576","          2.54","6,067","5,571","          1.09","11,557","4,550","          2.54","6,025","5,532","          1.09","11,504","4,545","          2.53","5,996","5,508","          1.09","11,416","4,513","          2.53","5,958","5,458","          1.09","11,400","4,501","          2.53","5,943","5,457","          1.09","11,350","4,485","          2.53","5,920","5,430","          1.09","11,291","4,462","          2.53","5,899","5,392","          1.09"
"경기도 평택시 오성면(4122034000)","7,202","3,126","          2.30","3,770","3,432","          1.10","7,165","3,118","          2.30","3,759","3,406","          1.10","7,164","3,119","          2.30","3,753","3,411","          1.10","7,178","3,131","          2.29","3,751","3,427","          1.09","7,188","3,136","          2.29","3,754","3,434","          1.09","7,186","3,138","          2.29","3,747","3,439","          1.09","7,199","3,145","          2.29","3,750","3,449","          1.09","7,187","3,139","          2.29","3,742","3,445","          1.09","7,199","3,154","          2.28","3,751","3,448","          1.09","7,198","3,165","          2.27","3,748","3,450","          1.09","7,212","3,180","          2.27","3,754","3,458","          1.09","7,234","3,193","          2.27","3,762","3,472","          1.08"
"경기도 평택시 현덕면(4122037000)","6,158","2,924","          2.11","3,238","2,920","          1.11","6,144","2,923","          2.10","3,236","2,908","          1.11","6,149","2,923","          2.10","3,245","2,904","          1.12","6,108","2,915","          2.10","3,225","2,883","          1.12","6,092","2,908","          2.09","3,213","2,879","          1.12","6,091","2,915","          2.09","3,210","2,881","          1.11","6,068","2,919","          2.08","3,203","2,865","          1.12","6,039","2,914","          2.07","3,180","2,859","          1.11","6,010","2,901","          2.07","3,168","2,842","          1.11","6,002","2,901","          2.07","3,157","2,845","          1.11","5,977","2,890","          2.07","3,142","2,835","          1.11","5,980","2,894","          2.07","3,149","2,831","          1.11"
"경기도 평택시 중앙동(4122051000)","46,210","17,358","          2.66","23,044","23,166","          0.99","46,092","17,349","          2.66","22,991","23,101","          1.00","46,084","17,387","          2.65","22,981","23,103","          0.99","46,003","17,383","          2.65","22,958","23,045","          1.00","45,983","17,382","          2.65","22,953","23,030","          1.00","46,054","17,449","          2.64","23,021","23,033","          1.00","45,937","17,472","          2.63","22,970","22,967","          1.00","45,929","17,549","          2.62","22,995","22,934","          1.00","46,029","17,753","          2.59","23,074","22,955","          1.01","46,069","17,829","          2.58","23,114","22,955","          1.01","46,160","17,923","          2.58","23,173","22,987","          1.01","46,183","18,004","          2.57","23,204","22,979","          1.01"
"경기도 평택시 서정동(4122052000)","30,806","13,308","          2.31","15,409","15,397","          1.00","30,752","13,328","          2.31","15,395","15,357","          1.00","30,666","13,331","          2.30","15,339","15,327","          1.00","30,722","13,389","          2.29","15,374","15,348","          1.00","30,581","13,367","          2.29","15,315","15,266","          1.00","30,502","13,375","          2.28","15,275","15,227","          1.00","30,463","13,399","          2.27","15,252","15,211","          1.00","30,437","13,427","          2.27","15,235","15,202","          1.00","30,352","13,439","          2.26","15,210","15,142","          1.00","30,307","13,429","          2.26","15,207","15,100","          1.01","30,236","13,448","          2.25","15,176","15,060","          1.01","30,192","13,434","          2.25","15,157","15,035","          1.01"
"경기도 평택시 송탄동(4122053500)","15,869","5,963","          2.66","8,211","7,658","          1.07","15,856","5,966","          2.66","8,200","7,656","          1.07","15,842","5,963","          2.66","8,191","7,651","          1.07","15,770","5,935","          2.66","8,168","7,602","          1.07","15,777","5,948","          2.65","8,190","7,587","          1.08","15,767","5,963","          2.64","8,180","7,587","          1.08","15,707","5,956","          2.64","8,149","7,558","          1.08","15,664","5,948","          2.63","8,148","7,516","          1.08","15,665","5,975","          2.62","8,152","7,513","          1.09","15,669","5,986","          2.62","8,158","7,511","          1.09","15,640","5,997","          2.61","8,153","7,487","          1.09","15,637","5,997","          2.61","8,143","7,494","          1.09"
"경기도 평택시 지산동(4122055000)","11,143","5,266","          2.12","5,681","5,462","          1.04","11,200","5,308","          2.11","5,722","5,478","          1.04","11,210","5,327","          2.10","5,727","5,483","          1.04","11,245","5,345","          2.10","5,743","5,502","          1.04","11,284","5,368","          2.10","5,782","5,502","          1.05","11,326","5,386","          2.10","5,795","5,531","          1.05","11,304","5,394","          2.10","5,789","5,515","          1.05","11,289","5,398","          2.09","5,791","5,498","          1.05","11,375","5,449","          2.09","5,838","5,537","          1.05","11,396","5,467","          2.08","5,863","5,533","          1.06","11,441","5,492","          2.08","5,878","5,563","          1.06","11,488","5,543","          2.07","5,889","5,599","          1.05"
"경기도 평택시 송북동(4122056000)","23,050","8,975","          2.57","11,448","11,602","          0.99","23,085","8,981","          2.57","11,454","11,631","          0.98","23,138","9,017","          2.57","11,491","11,647","          0.99","23,125","9,017","          2.56","11,479","11,646","          0.99","23,149","9,035","          2.56","11,472","11,677","          0.98","23,210","9,063","          2.56","11,507","11,703","          0.98","23,202","9,069","          2.56","11,515","11,687","          0.99","23,171","9,060","          2.56","11,496","11,675","          0.98","23,162","9,101","          2.54","11,485","11,677","          0.98","23,156","9,112","          2.54","11,476","11,680","          0.98","23,174","9,125","          2.54","11,495","11,679","          0.98","23,259","9,162","          2.54","11,524","11,735","          0.98"
"경기도 평택시 신장1동(4122057000)","6,594","3,396","          1.94","3,164","3,430","          0.92","6,601","3,409","          1.94","3,163","3,438","          0.92","6,597","3,414","          1.93","3,162","3,435","          0.92","6,584","3,422","          1.92","3,153","3,431","          0.92","6,578","3,426","          1.92","3,151","3,427","          0.92","6,579","3,437","          1.91","3,152","3,427","          0.92","6,562","3,448","          1.90","3,144","3,418","          0.92","6,608","3,462","          1.91","3,170","3,438","          0.92","6,612","3,465","          1.91","3,167","3,445","          0.92","6,630","3,483","          1.90","3,177","3,453","          0.92","6,613","3,492","          1.89","3,161","3,452","          0.92","6,604","3,489","          1.89","3,159","3,445","          0.92"
"경기도 평택시 신장2동(4122058000)","6,732","3,583","          1.88","3,304","3,428","          0.96","6,726","3,586","          1.88","3,291","3,435","          0.96","6,715","3,580","          1.88","3,286","3,429","          0.96","6,692","3,574","          1.87","3,285","3,407","          0.96","6,679","3,570","          1.87","3,272","3,407","          0.96","6,617","3,553","          1.86","3,238","3,379","          0.96","6,590","3,556","          1.85","3,222","3,368","          0.96","6,598","3,569","          1.85","3,228","3,370","          0.96","6,534","3,545","          1.84","3,194","3,340","          0.96","6,498","3,532","          1.84","3,193","3,305","          0.97","6,453","3,509","          1.84","3,161","3,292","          0.96","6,447","3,515","          1.83","3,159","3,288","          0.96"
"경기도 평택시 신평동(4122059000)","24,461","11,071","          2.21","12,171","12,290","          0.99","24,397","11,082","          2.20","12,140","12,257","          0.99","24,391","11,095","          2.20","12,126","12,265","          0.99","24,451","11,156","          2.19","12,162","12,289","          0.99","24,455","11,189","          2.19","12,181","12,274","          0.99","24,537","11,220","          2.19","12,227","12,310","          0.99","24,550","11,241","          2.18","12,212","12,338","          0.99","24,510","11,278","          2.17","12,220","12,290","          0.99","24,558","11,314","          2.17","12,230","12,328","          0.99","24,545","11,325","          2.17","12,241","12,304","          0.99","24,572","11,346","          2.17","12,292","12,280","          1.00","24,621","11,393","          2.16","12,338","12,283","          1.00"
"경기도 평택시 원평동(4122060000)","12,604","5,619","          2.24","6,430","6,174","          1.04","12,580","5,620","          2.24","6,407","6,173","          1.04","12,612","5,634","          2.24","6,427","6,185","          1.04","12,599","5,647","          2.23","6,430","6,169","          1.04","12,628","5,670","          2.23","6,449","6,179","          1.04","12,600","5,671","          2.22","6,438","6,162","          1.04","12,503","5,636","          2.22","6,391","6,112","          1.05","12,429","5,662","          2.20","6,352","6,077","          1.05","12,423","5,710","          2.18","6,355","6,068","          1.05","12,427","5,725","          2.17","6,357","6,070","          1.05","12,429","5,741","          2.16","6,358","6,071","          1.05","12,446","5,754","          2.16","6,361","6,085","          1.05"
"경기도 평택시 통복동(4122061000)","4,588","2,279","          2.01","2,316","2,272","          1.02","4,546","2,268","          2.00","2,301","2,245","          1.02","4,519","2,254","          2.00","2,285","2,234","          1.02","4,465","2,239","          1.99","2,248","2,217","          1.01","4,445","2,222","          2.00","2,236","2,209","          1.01","4,452","2,225","          2.00","2,242","2,210","          1.01","4,461","2,236","          2.00","2,256","2,205","          1.02","4,446","2,236","          1.99","2,262","2,184","          1.04","4,434","2,235","          1.98","2,253","2,181","          1.03","4,402","2,224","          1.98","2,236","2,166","          1.03","4,446","2,244","          1.98","2,255","2,191","          1.03","4,429","2,238","          1.98","2,251","2,178","          1.03"
"경기도 평택시 비전1동(4122062000)","43,137","17,448","          2.47","21,763","21,374","          1.02","44,270","17,812","          2.49","22,355","21,915","          1.02","44,712","17,984","          2.49","22,613","22,099","          1.02","45,109","18,156","          2.48","22,830","22,279","          1.02","45,237","18,206","          2.48","22,895","22,342","          1.02","45,288","18,248","          2.48","22,925","22,363","          1.03","46,416","18,613","          2.49","23,491","22,925","          1.02","47,785","19,070","          2.51","24,213","23,572","          1.03","48,274","19,285","          2.50","24,464","23,810","          1.03","48,541","19,390","          2.50","24,591","23,950","          1.03","48,909","19,537","          2.50","24,772","24,137","          1.03","49,085","19,606","          2.50","24,856","24,229","          1.03"
"경기도 평택시 비전2동(4122063000)","57,624","20,794","          2.77","28,834","28,790","          1.00","57,597","20,806","          2.77","28,840","28,757","          1.00","57,685","20,861","          2.77","28,888","28,797","          1.00","57,936","20,932","          2.77","29,028","28,908","          1.00","58,129","21,043","          2.76","29,134","28,995","          1.00","58,536","21,203","          2.76","29,356","29,180","          1.01","59,181","21,458","          2.76","29,690","29,491","          1.01","59,577","21,681","          2.75","29,923","29,654","          1.01","59,740","21,808","          2.74","30,017","29,723","          1.01","59,866","21,867","          2.74","30,071","29,795","          1.01","59,894","21,915","          2.73","30,092","29,802","          1.01","60,064","22,011","          2.73","30,177","29,887","          1.01"
"경기도 평택시 세교동(4122064000)","22,527","8,266","          2.73","11,403","11,124","          1.03","22,469","8,274","          2.72","11,374","11,095","          1.03","22,380","8,259","          2.71","11,330","11,050","          1.03","22,417","8,277","          2.71","11,356","11,061","          1.03","22,419","8,294","          2.70","11,350","11,069","          1.03","22,429","8,307","          2.70","11,356","11,073","          1.03","22,279","8,275","          2.69","11,279","11,000","          1.03","22,101","8,239","          2.68","11,196","10,905","          1.03","22,069","8,242","          2.68","11,176","10,893","          1.03","22,062","8,251","          2.67","11,156","10,906","          1.02","22,029","8,270","          2.66","11,173","10,856","          1.03","22,010","8,292","          2.65","11,172","10,838","          1.03"
